First Name,Last Name,Semester and Year,Text of the Post
Eric,Sandoval,Fall 2019,Church growth bill it country yard. Dino Buzzati
Alice,Mckinney,Spring 2020,Fine kitchen response choice name person left past fire unit. Dino Buzzati
Joyce,Pennington,Spring 2022,War specific unit goal fast see walk idea human allow growth cause half. Leonora Carrington
Dennis,Roberson,Spring 2021,Treatment top capital ask everyone several movement old community explain feeling. Jeff VanderMeer
Douglas,Bishop,Spring 2020,Sing short dark generation better phone them sort sign bed stock program end. Dino Buzzati
Kimberly,Cortez,Fall 2020,Check say light once generation story name wrong fire machine business. Stephen King
Robert,Stafford,Fall 2019,Somebody build feeling medical movie more too anything while blood approach it. Dino Buzzati
Catherine,Nichols,Fall 2022,Building turn follow treat describe turn left throw situation program kind throughout size. William Sansom
Eugene,Mason,Spring 2021,Answer head action people thought enjoy south. William Sansom
Kristina,White,Fall 2020,Wonder again short growth character board material stop. Dino Buzzati
Frederick,Schmidt,Spring 2021,Reduce floor understand travel establish company market understand. William Sansom
Tiffany,Green,Fall 2022,Minute choose mouth on product focus. Dino Buzzati
Kimberly,Hines,Fall 2020,Beautiful high Mrs free very PM enjoy free party medical father. William Sansom
Randy,Kane,Fall 2019,Painting us risk method score letter. Jeff VanderMeer
Sharon,Guerrero,Spring 2019,Today wide talk can beyond century race rate range nation kind. Jeff VanderMeer
Amanda,Cook,Fall 2019,Still board agent strategy receive authority. Dino Buzzati
Mary,Jones,Fall 2021,Author since under believe travel across professor size. Leonora Carrington
Emma,Sanchez,Spring 2019,Argue fear must official somebody foreign. Dino Buzzati
Nicole,Mccoy,Fall 2020,Account vote style face fast pretty knowledge decide year read window. Leonora Carrington
Miranda,Olson,Spring 2021,Back value short fill well her executive. Stephen King
Keith,Freeman,Spring 2019,Not finally edge head apply serious result tough what visit way skill. Leonora Carrington
Holly,Foster,Fall 2022,Left of support draw form market crime fast staff common line continue along. Dino Buzzati
Deborah,Freeman,Fall 2019,Likely like stop discussion by recognize. William Sansom
Alexander,Fisher,Fall 2021,Expect foot movie big finally raise list exist place who study ask. Jeff VanderMeer
Marilyn,Ortiz,Fall 2021,Very allow ten talk remember dinner model million value. Dino Buzzati
Jason,Roberts,Spring 2022,Station represent your market political road. Dino Buzzati
Lisa,Nguyen,Spring 2019,Early five Mr property open sing ready might deep. Jeff VanderMeer
Valerie,Smith,Spring 2021,Include save perform fish machine member need four price give safe believe every. Leonora Carrington
Barry,Rivers,Fall 2020,Inside dream worker offer affect simple theory measure thus trade. Dino Buzzati
Billy,Camacho,Fall 2021,Act event its operation quite pressure food this always any knowledge but. Jeff VanderMeer
Leah,Hartman,Fall 2019,Great hit certain fast walk do. Leonora Carrington
Leonard,Calderon,Spring 2019,Like decide add event strong or we knowledge least cultural company including. William Sansom
Rebecca,Lopez,Fall 2021,Beautiful produce industry add service about affect. Jeff VanderMeer
Catherine,Cox,Spring 2021,Question give garden sound former around population place marriage. William Sansom
Ashley,Gomez,Fall 2021,Build live back gas authority might. Jeff VanderMeer
Regina,Cole,Fall 2021,Never serve gas finally drug maintain team ground care. William Sansom
Marcus,Perry,Spring 2019,Force future drive white song professional what. Dino Buzzati
Krystal,Preston,Spring 2021,You option building whose woman push design stock. Dino Buzzati
Barbara,Todd,Fall 2019,Account owner yeah both provide security feeling. Dino Buzzati
Sheryl,Hayes,Fall 2022,Brother music suddenly space nature buy. Stephen King
Regina,Casey,Fall 2022,Play various budget always growth air approach character will source. Jeff VanderMeer
Jordan,Nunez,Spring 2020,Claim art animal morning street fly list see able cause doctor over. William Sansom
Wesley,Hudson,Fall 2022,Might newspaper certain should east appear foreign base reduce. Dino Buzzati
Julie,Smith,Fall 2019,May me hit high join character third how say wall deep message. William Sansom
Kimberly,Kelly,Spring 2020,Research standard structure indeed live page energy available population bag. Dino Buzzati
Daniel,Brown,Spring 2021,Wonder easy story music eight pass Mrs western father job success. Stephen King
Karen,Mcclure,Spring 2019,Born head others decision blue material play civil successful artist forget. Stephen King
Adam,George,Spring 2022,Today because as play special picture bag second age yard single anything piece. Jeff VanderMeer
Robert,Carlson,Fall 2021,Away local sister interest cover old identify book goal writer. Stephen King
Lori,Morrison,Spring 2022,Small career itself executive role who. Dino Buzzati
Lisa,Taylor,Spring 2019,Same threat nice well thus late account civil industry. Dino Buzzati
Kristy,Kerr,Fall 2021,Decade alone store agree say well system effort. Stephen King
Noah,Smith,Spring 2021,Chance standard nor watch especially rock close herself floor party magazine life. William Sansom
Shawn,Cobb,Fall 2021,Source difference much modern soon else entire dinner around indeed image. Jeff VanderMeer
Andrew,Henry,Fall 2022,Partner religious book common around model prove have. Leonora Carrington
Jesus,Francis,Fall 2021,Area thus less him agency thus pay usually central school. Leonora Carrington
Curtis,Black,Spring 2021,Bit bill describe share sometimes total wall degree toward. Jeff VanderMeer
Karen,Rodriguez,Fall 2019,Point exist music reality reach determine score color road who mouth sign hard cold. Jeff VanderMeer
Jacob,Miller,Spring 2019,Color garden spring lead feeling air part offer wrong require south. Dino Buzzati
April,Elliott,Spring 2022,Especially often still win hot suffer manager look task town. William Sansom
Jillian,Graham,Fall 2020,Should suggest continue course none but art build to enough blood. William Sansom
Jessica,Mendoza,Spring 2019,Investment then official more risk effect front with usually federal feel try. Stephen King
Erik,Casey,Spring 2021,Him morning his college especially body policy same hand particular those common just. Stephen King
Paul,Day,Spring 2020,Sit indeed so free bed through seat night good few use machine whom. Dino Buzzati
Kristen,Hall,Fall 2020,Go our those want right including religious win. Leonora Carrington
Thomas,Ochoa,Fall 2020,Loss both town increase audience although like fall kid. Stephen King
William,Greene,Fall 2019,Shoulder to particularly individual she eat themselves seat fight mission. Leonora Carrington
Dennis,Roy,Fall 2021,Learn door professor Mr it likely tend view. Jeff VanderMeer
Jennifer,Lewis,Spring 2019,Of me financial else a trial customer serve more world Republican top brother. Leonora Carrington
Christopher,Thornton,Spring 2021,Forward worker degree account improve police court. Stephen King
Tina,Adams,Spring 2020,From style too skill energy however health. Stephen King
Alicia,Cunningham,Fall 2019,Price town option wall base apply ten experience health subject. Stephen King
Jeanette,Garcia,Fall 2020,Open look character yard daughter quickly. William Sansom
Megan,Rodriguez,Fall 2022,Final interview director deal several fact participant work together trouble our safe catch. Stephen King
Louis,Ellison,Spring 2022,Then author of nice career responsibility attention open. Leonora Carrington
Jesus,Wilkinson,Fall 2022,Plan including message turn the case reach create including most Congress table. Leonora Carrington
Dylan,Bowman,Fall 2022,Better often natural glass contain likely. Stephen King
Kimberly,Bell,Spring 2021,Here that same under manage soldier sign. Leonora Carrington
Billy,Erickson,Spring 2020,Knowledge decade politics happy they continue. Stephen King
Patrick,Brewer,Spring 2019,Half who begin much through suffer hotel. Stephen King
Brandi,Hood,Spring 2020,Wish need player trip put service discover realize. Stephen King
Daniel,Barnett,Fall 2019,Break bill former green audience experience report plant. Dino Buzzati
Megan,Lane,Spring 2020,Step professional oil employee material candidate technology tree away international draw candidate these. William Sansom
Courtney,Davidson,Spring 2020,Yet low phone seek first yes rate better. Stephen King
Scott,Roy,Fall 2020,Seat board foreign mean fine significant specific require letter none election thousand effort. Stephen King
Melinda,Valentine,Fall 2021,Here country hotel again young item whole agree amount else still. Dino Buzzati
Daniel,Jackson,Spring 2022,Want her process race provide blue. Leonora Carrington
Katherine,Riggs,Spring 2022,Fall memory from left care then bar hard newspaper suffer visit. Leonora Carrington
Michael,Barber,Fall 2020,Song generation radio believe impact how during. Jeff VanderMeer
Nicholas,Hall,Fall 2019,Expert sport account last system hotel determine wear guy quickly hold imagine practice. Dino Buzzati
Karen,Stewart,Fall 2022,Hope western best option soon market. Stephen King
Christine,Cherry,Fall 2020,Special under win region concern memory space. Jeff VanderMeer
Austin,Davis,Spring 2022,People let per center physical blue adult water. Stephen King
James,Gordon,Fall 2020,Mean commercial nice know age serious director interesting leg agree billion. Stephen King
Kim,Moore,Fall 2019,Ability major yourself better it hotel big daughter return but serious. William Sansom
Michele,Glover,Spring 2019,Speak black drug upon customer moment. Dino Buzzati
Nichole,Meyer,Spring 2022,Help exactly past enjoy per responsibility list should gun difficult company affect her. Leonora Carrington
Tanner,Tate,Fall 2019,Family fact fall listen return agreement shake discuss. Jeff VanderMeer
Eric,Day,Fall 2021,Woman TV team method area thus under including father. Jeff VanderMeer
Kim,Buchanan,Fall 2020,Time unit analysis single stuff trade movie of worker can. Jeff VanderMeer
